sp,lon,lat
Melanoides.tuberculataAN,-61.80181,17.10276
Melanoides.tuberculataAN,-56.626488,-27.498952
Melanoides.tuberculataAN,-55.204002,-26.994194
Melanoides.tuberculataAN,-59.646212,-30.178164
Melanoides.tuberculataAN,-63.803087,-26.906429
Melanoides.tuberculataAN,-64.02105,-23.328516
Melanoides.tuberculataAN,-67.089313,-25.394716
Melanoides.tuberculataAN,-67.756455,-24.659087
Melanoides.tuberculataAN,-68.163307,-26.420579
Melanoides.tuberculataAN,-68.388276,-25.737127
Melanoides.tuberculataAN,-67.980967,-25.324364
Melanoides.tuberculataAN,-68.156289,-25.00667
Melanoides.tuberculataAN,-67.606155,-24.202831
Melanoides.tuberculataAN,-68.636362,-20.658039
Melanoides.tuberculataAN,-68.790968,-19.635752
Melanoides.tuberculataAN,-68.620779,-19.386217
Melanoides.tuberculataAN,-68.736118,-19.260425
Melanoides.tuberculataAN,-68.887953,-19.204292
Melanoides.tuberculataAN,-69.322243,-19.022402
Melanoides.tuberculataAN,-69.169983,-18.244623
Melanoides.tuberculataAN,-69.631365,-17.636709
Melanoides.tuberculataAN,-67.516129,-17.635608
Melanoides.tuberculataAN,-66.952755,-13.921319
Melanoides.tuberculataAN,-67.510195,-11.478742
Melanoides.tuberculataAN,-65.817396,-10.745168
Melanoides.tuberculataAN,-47.40153,-0.839976
Melanoides.tuberculataAN,-47.73081,-0.756502
Melanoides.tuberculataAN,-47.388429,-0.65622
Melanoides.tuberculataAN,-47.243668,-0.699141
Melanoides.tuberculataAN,-48.334154,-1.197084
Melanoides.tuberculataAN,-49.553363,-4.30798
Melanoides.tuberculataAN,-53.274976,-4.017615
Melanoides.tuberculataAN,-52.816305,-5.420214
Melanoides.tuberculataAN,-42.799051,-22.89834
Melanoides.tuberculataAN,-42.855923,-22.951561
Melanoides.tuberculataAN,-43.94268,-22.754459
Melanoides.tuberculataAN,-43.627878,-22.307303
Melanoides.tuberculataAN,-43.062019,-22.088044
Melanoides.tuberculataAN,-38.465697,-7.004666
Melanoides.tuberculataAN,-37.841228,-7.129961
Melanoides.tuberculataAN,-37.202055,-6.649806
Melanoides.tuberculataAN,-36.794513,-6.39534
Melanoides.tuberculataAN,-35.779465,-5.892025
Melanoides.tuberculataAN,-35.417969,-5.954607
Melanoides.tuberculataAN,-35.297323,-5.8395
Melanoides.tuberculataAN,-35.303213,-5.712561
Melanoides.tuberculataAN,-35.364402,-5.424395
Melanoides.tuberculataAN,-35.435163,-5.328301
Melanoides.tuberculataAN,-35.546999,-5.247138
Melanoides.tuberculataAN,-35.739991,-5.130458
Melanoides.tuberculataAN,-36.195475,-5.121495
Melanoides.tuberculataAN,-36.660709,-5.193492
Melanoides.tuberculataAN,-37.21783,-5.036906
Melanoides.tuberculataAN,-37.007677,-6.011793
Melanoides.tuberculataAN,-39.00852,-6.271768
Melanoides.tuberculataAN,-38.928247,-5.095897
Melanoides.tuberculataAN,-38.442499,-4.26666
Melanoides.tuberculataAN,-38.62281,-3.704097
Melanoides.tuberculataAN,-38.654897,-3.887713
Melanoides.tuberculataAN,-40.453249,-4.264418
Melanoides.tuberculataAN,-42.738902,-3.928599
Melanoides.tuberculataAN,-41.677508,-2.943713
Melanoides.tuberculataAN,-41.624067,-4.011684
Melanoides.tuberculataAN,-41.422076,-7.055681
Melanoides.tuberculataAN,-43.773078,-6.700464
Melanoides.tuberculataAN,-43.67157,-4.55565
Melanoides.tuberculataAN,-47.499064,-5.524614
Melanoides.tuberculataAN,-35.337043,-7.901429
Melanoides.tuberculataAN,-35.084499,-8.274251
Melanoides.tuberculataAN,-34.977602,-8.353222
Melanoides.tuberculataAN,-35.071575,-8.345158
Melanoides.tuberculataAN,-38.670793,-8.881493
Melanoides.tuberculataAN,-39.100198,-9.906294
Melanoides.tuberculataAN,-42.16494,-9.943231
Melanoides.tuberculataAN,-39.555257,-8.611138
Melanoides.tuberculataAN,-39.743358,-10.644689
Melanoides.tuberculataAN,-44.762269,-15.793943
Melanoides.tuberculataAN,-45.254578,-18.262683
Melanoides.tuberculataAN,-44.784767,-19.822906
Melanoides.tuberculataAN,-44.34655,-20.020288
Melanoides.tuberculataAN,-44.111387,-20.024998
Melanoides.tuberculataAN,-43.960713,-20.188144
Melanoides.tuberculataAN,-43.978515,-19.856965
Melanoides.tuberculataAN,-43.552619,-21.587599
Melanoides.tuberculataAN,-44.66802,-22.535087
Melanoides.tuberculataAN,-48.142418,-22.623918
Melanoides.tuberculataAN,-60.531146,-2.939866
Melanoides.tuberculataAN,-59.733892,-1.379
Melanoides.tuberculataAN,-56.260254,-2.403057
Melanoides.tuberculataAN,-52.116786,3.434575
Melanoides.tuberculataAN,-51.232973,0.906486
Melanoides.tuberculataAN,-61.733042,4.869125
Melanoides.tuberculataAN,-73.803551,9.168842
Melanoides.tuberculataAN,-74.730757,9.741453
Melanoides.tuberculataAN,-75.114479,10.426289
Melanoides.tuberculataAN,-73.032053,10.922992
Melanoides.tuberculataAN,-71.773627,12.045746
Melanoides.tuberculataAN,-77.045661,7.764341
Melanoides.tuberculataAN,-75.172438,6.296896
Melanoides.tuberculataAN,-75.920621,9.401493
Melanoides.tuberculataAN,-75.688056,9.153188
Melanoides.tuberculataAN,-73.7104,8.070228
Melanoides.tuberculataAN,-76.264225,7.960035
Melanoides.tuberculataAN,-76.844097,6.946356
Melanoides.tuberculataAN,-80.184477,-0.724869
Melanoides.tuberculataAN,-80.012655,9.095209
Melanoides.tuberculataAN,-79.853488,8.657229
Melanoides.tuberculataAN,-81.635026,8.005454
Melanoides.tuberculataAN,-67.383284,9.027602
Melanoides.tuberculataAN,-82.839714,9.61044
Melanoides.tuberculataAN,-83.524348,8.94528
Melanoides.tuberculataAN,-83.556653,8.810554
Melanoides.tuberculataAN,-83.132319,8.5965
Melanoides.tuberculataAN,-83.037744,8.450048
Melanoides.tuberculataAN,-82.865467,8.472626
Melanoides.tuberculataAN,-82.946138,8.665673
Melanoides.tuberculataAN,-83.329438,8.946487
Melanoides.tuberculataAN,-82.966706,8.874952
Melanoides.tuberculataAN,-83.487223,9.494202
Melanoides.tuberculataAN,-83.763334,10.84737
Melanoides.tuberculataAN,-80.500073,-4.671083
Melanoides.tuberculataAN,-61.696877,12.096799
Melanoides.tuberculataAN,-58.582261,6.100209
Melanoides.tuberculataAN,-85.044897,14.649244
Melanoides.tuberculataAN,-87.982766,14.855261
Melanoides.tuberculataAN,-87.603055,15.025203
Melanoides.tuberculataAN,-87.341293,13.686992
Melanoides.tuberculataAN,-86.068272,15.639654
Melanoides.tuberculataAN,-85.867751,15.941942
Melanoides.tuberculataAN,-84.096123,15.354415
Melanoides.tuberculataAN,-85.98056,13.142826
Melanoides.tuberculataAN,-83.299332,14.274207
Melanoides.tuberculataAN,-83.346754,14.90542
Melanoides.tuberculataAN,-98.71749,23.907745
Melanoides.tuberculataAN,-97.852529,24.817539
Melanoides.tuberculataAN,-102.192485,18.056167
Melanoides.tuberculataAN,-103.388982,18.969512
Melanoides.tuberculataAN,-103.579396,19.938725
Melanoides.tuberculataAN,-102.800865,20.292163
Melanoides.tuberculataAN,-104.621325,21.675292
Melanoides.tuberculataAN,-105.449987,21.904317
Melanoides.tuberculataAN,-105.568162,22.201672
Melanoides.tuberculataAN,-106.185641,23.556988
Melanoides.tuberculataAN,-106.765578,24.59191
Melanoides.tuberculataAN,-107.419863,25.169522
Melanoides.tuberculataAN,-108.067409,25.514641
Melanoides.tuberculataAN,-107.846312,25.945435
Melanoides.tuberculataAN,-105.603255,26.478836
Melanoides.tuberculataAN,-105.550208,27.558247
Melanoides.tuberculataAN,-85.408329,11.843241
Melanoides.tuberculataAN,-86.587238,12.401539
Melanoides.tuberculataAN,-75.78753,-5.027247
Melanoides.tuberculataAN,-80.644213,-5.540159
Melanoides.tuberculataAN,-80.687893,-5.908336
Melanoides.tuberculataAN,-80.142955,-6.583073
Melanoides.tuberculataAN,-82.197088,8.756355
Melanoides.tuberculataAN,-82.48102,9.42476
Melanoides.tuberculataAN,-60.990146,14.007802
Melanoides.tuberculataAN,-60.984653,13.885896
Melanoides.tuberculataAN,-64.944885,7.584497
Biomphalaria.glabrata,-46.755595,-1.069298
Biomphalaria.glabrata,-38.45706,-8.839516
Biomphalaria.glabrata,-37.708632,-8.489902
Biomphalaria.glabrata,-44.80466,-1.608231
Biomphalaria.glabrata,-36.85755,-10.165184
Biomphalaria.glabrata,-43.817011,-19.899379
Biomphalaria.glabrata,-67.63538,10.180843
Biomphalaria.glabrata,-45.742258,-20.729265
Biomphalaria.glabrata,-40.096399,-11.540169
Biomphalaria.glabrata,-51.1618,-29.481299
Biomphalaria.glabrata,-41.511442,-19.099527
Biomphalaria.glabrata,-61.803465,17.102953
Biomphalaria.glabrata,-45.219078,-15.513817
Biomphalaria.glabrata,-43.977499,-19.858288
Biomphalaria.glabrata,-60.935274,14.598183
Biomphalaria.glabrata,-41.168387,-22.068968
Biomphalaria.glabrata,-70.049944,12.558414
Biomphalaria.glabrata,-55.162826,5.79638
Biomphalaria.glabrata,-63.86942,8.056084
Biomphalaria.glabrata,-72.368297,19.000294
Biomphalaria.glabrata,-66.916335,18.37859
Biomphalaria.glabrata,-66.897557,10.497019
Biomphalaria.glabrata,-47.308944,-15.582404
Biomphalaria.glabrata,-57.961227,-31.296784
Biomphalaria.glabrata,-69.915777,9.018979
Biomphalaria.glabrata,-58.181769,6.790437
Biomphalaria.glabrata,-55.138821,4.586113
Biomphalaria.glabrata,-55.279761,-10.148576
Biomphalaria.glabrata,-61.239714,10.54107
Biomphalaria.glabrata,-49.900129,-22.99997
Biomphalaria.glabrata,-41.769629,-2.927242
Biomphalaria.glabrata,-40.351239,-20.298961
Biomphalaria.glabrata,-44.42422,-2.407711
Biomphalaria.glabrata,-41.908449,-2.873551
Biomphalaria.glabrata,-44.748122,-2.716325
Biomphalaria.glabrata,-45.243953,-5.503612
Biomphalaria.glabrata,-45.723486,-14.57639
Biomphalaria.glabrata,-44.864067,-18.27294
Biomphalaria.glabrata,-45.77432,-14.16548
Biomphalaria.glabrata,-44.114496,-2.471361
Biomphalaria.glabrata,-43.088942,-5.682191
Biomphalaria.glabrata,-43.782946,-6.178029
Biomphalaria.glabrata,-45.06911,-2.518358
Biomphalaria.glabrata,-45.776793,-2.542291
Biomphalaria.glabrata,-44.864492,-2.703783
Biomphalaria.glabrata,-42.419896,-3.359963
Biomphalaria.glabrata,-43.707128,-6.500569
Biomphalaria.glabrata,-44.065457,-2.559127
Biomphalaria.glabrata,-45.368962,-1.672713
Biomphalaria.glabrata,-42.274869,-2.76543
Biomphalaria.glabrata,-44.613924,-3.278556
Biomphalaria.glabrata,-42.828093,-2.744642
Biomphalaria.glabrata,-44.783137,-2.445724
Biomphalaria.glabrata,-44.780731,-2.067182
Biomphalaria.glabrata,-45.067249,-2.601825
Biomphalaria.glabrata,-44.855639,-2.581885
Biomphalaria.glabrata,-47.422418,-5.920482
Biomphalaria.glabrata,-44.809474,-2.986732
Biomphalaria.glabrata,-44.875603,-2.883806
Biomphalaria.glabrata,-44.996992,-3.195378
Biomphalaria.glabrata,-35.1423,-6.203325
Biomphalaria.glabrata,-35.059668,-6.33888
Biomphalaria.glabrata,-35.367877,-6.197512
Biomphalaria.glabrata,-35.432193,-5.644466
Biomphalaria.glabrata,-35.309077,-6.330637
Biomphalaria.glabrata,-35.300773,-5.711887
Biomphalaria.glabrata,-35.218902,-6.261198
Biomphalaria.glabrata,-35.348216,-5.85634
Biomphalaria.glabrata,-35.255592,-5.520456
Biomphalaria.glabrata,-35.337203,-6.071306
Biomphalaria.glabrata,-35.240648,-5.785996
Biomphalaria.glabrata,-35.234958,-5.903556
Biomphalaria.glabrata,-35.213636,-6.442725
Biomphalaria.glabrata,-35.558349,-5.469658
Biomphalaria.glabrata,-35.324459,-5.798044
Biomphalaria.glabrata,-35.248093,-6.076958
Biomphalaria.glabrata,-35.457902,-5.199564
Biomphalaria.glabrata,-36.673489,-9.758938
Biomphalaria.glabrata,-36.021377,-9.512045
Biomphalaria.glabrata,-36.486091,-9.589153
Biomphalaria.glabrata,-36.225536,-9.694295
Biomphalaria.glabrata,-36.150528,-9.393448
Biomphalaria.glabrata,-36.076227,-9.410722
Biomphalaria.glabrata,-36.173595,-10.134672
Biomphalaria.glabrata,-36.832437,-9.880068
Biomphalaria.glabrata,-36.627633,-9.535025
Biomphalaria.glabrata,-35.459234,-8.838701
Biomphalaria.glabrata,-36.485786,-9.925115
Biomphalaria.glabrata,-36.50108,-9.739561
Biomphalaria.glabrata,-35.746762,-9.652558
Biomphalaria.glabrata,-36.303021,-9.582244
Biomphalaria.glabrata,-36.387184,-9.44489
Biomphalaria.glabrata,-35.95124,-9.312775
Biomphalaria.glabrata,-37.829967,-9.504332
Biomphalaria.glabrata,-36.629455,-9.415828
Biomphalaria.glabrata,-35.488869,-9.243129
Biomphalaria.glabrata,-36.585948,-10.288303
Biomphalaria.glabrata,-36.433975,-10.408928
Biomphalaria.glabrata,-35.951408,-9.60954
Biomphalaria.glabrata,-36.287329,-9.475529
Biomphalaria.glabrata,-36.473349,-9.319904
Biomphalaria.glabrata,-36.055381,-9.012019
Biomphalaria.glabrata,-35.556854,-9.318308
Biomphalaria.glabrata,-36.094962,-9.778182
Biomphalaria.glabrata,-35.835049,-9.557685
Biomphalaria.glabrata,-36.432275,-9.534789
Biomphalaria.glabrata,-37.003939,-9.972196
Biomphalaria.glabrata,-36.036366,-9.156785
Biomphalaria.glabrata,-36.239034,-9.376952
Biomphalaria.glabrata,-36.581783,-9.640501
Biomphalaria.glabrata,-35.553268,-8.940139
Biomphalaria.glabrata,-35.535494,-9.155752
Biomphalaria.glabrata,-35.130977,-6.382452
Biomphalaria.glabrata,-41.669598,-13.248053
Biomphalaria.glabrata,-38.01684,-11.665209
Biomphalaria.glabrata,-38.115752,-10.536328
Biomphalaria.glabrata,-38.409652,-12.146835
Biomphalaria.glabrata,-38.747672,-12.393891
Biomphalaria.glabrata,-41.317806,-12.806633
Biomphalaria.glabrata,-44.695301,-12.010775
Biomphalaria.glabrata,-40.272636,-10.572251
Biomphalaria.glabrata,-38.199422,-12.210076
Biomphalaria.glabrata,-40.585953,-14.87307
Biomphalaria.glabrata,-44.997388,-12.139924
Biomphalaria.glabrata,-40.605004,-12.664947
Biomphalaria.glabrata,-41.267405,-11.972028
Biomphalaria.glabrata,-39.799714,-13.108287
Biomphalaria.glabrata,-38.96522,-12.606581
Biomphalaria.glabrata,-40.308846,-11.021653
Biomphalaria.glabrata,-41.240824,-15.512555
Biomphalaria.glabrata,-40.013852,-11.384645
Biomphalaria.glabrata,-39.415966,-12.765287
Biomphalaria.glabrata,-44.857624,-12.313667
Biomphalaria.glabrata,-42.285316,-13.329123
Biomphalaria.glabrata,-37.605936,-11.812458
Biomphalaria.glabrata,-39.80815,-13.360702
Biomphalaria.glabrata,-38.090021,-11.952786
Biomphalaria.glabrata,-39.658184,-14.857136
Biomphalaria.glabrata,-40.216899,-12.767748
Biomphalaria.glabrata,-41.841114,-11.299988
Biomphalaria.glabrata,-40.063375,-15.117856
Biomphalaria.glabrata,-39.492776,-15.191094
Biomphalaria.glabrata,-38.317407,-12.874007
Biomphalaria.glabrata,-38.304999,-12.524218
Biomphalaria.glabrata,-39.50042,-13.226048
Biomphalaria.glabrata,-40.142179,-14.790869
Biomphalaria.glabrata,-40.364546,-14.536802
Biomphalaria.glabrata,-39.392153,-11.808884
Biomphalaria.glabrata,-40.742521,-15.461028
Biomphalaria.glabrata,-44.197871,-13.399445
Biomphalaria.glabrata,-38.864323,-12.027148
Biomphalaria.glabrata,-38.4883,-12.512758
Biomphalaria.glabrata,-39.094721,-11.969774
Biomphalaria.glabrata,-39.278419,-14.595227
Biomphalaria.glabrata,-40.940123,-11.253077
Biomphalaria.glabrata,-40.871466,-14.854176
Biomphalaria.glabrata,-42.743177,-10.80075
Biomphalaria.glabrata,-43.474609,-19.93936
Biomphalaria.glabrata,-47.847525,-15.782415
Biomphalaria.glabrata,-42.871951,-19.654451
Biomphalaria.glabrata,-44.245961,-19.198538
Biomphalaria.glabrata,-45.979207,-20.016649
Biomphalaria.glabrata,-42.318785,-19.832672
Biomphalaria.glabrata,-43.679065,-19.891427
Biomphalaria.glabrata,-44.128752,-19.5644
Biomphalaria.glabrata,-42.137595,-19.780691
Biomphalaria.glabrata,-43.427257,-19.035007
Biomphalaria.glabrata,-42.722635,-19.416679
Biomphalaria.glabrata,-44.883997,-20.15658
Biomphalaria.glabrata,-42.233287,-19.626932
Biomphalaria.glabrata,-46.706858,-20.849009
Biomphalaria.glabrata,-44.390522,-19.484645
Biomphalaria.glabrata,-43.752379,-19.5137
Biomphalaria.glabrata,-43.128553,-19.834489
Biomphalaria.glabrata,-44.570213,-16.976531
Biomphalaria.glabrata,-44.402689,-20.00723
Biomphalaria.glabrata,-43.033944,-19.765588
Biomphalaria.glabrata,-41.873317,-17.468947
Biomphalaria.glabrata,-43.318703,-21.504627
Biomphalaria.glabrata,-43.023959,-15.744886
Biomphalaria.glabrata,-43.014739,-18.291525
Biomphalaria.glabrata,-43.869163,-19.796804
Biomphalaria.glabrata,-42.609851,-20.315712
Biomphalaria.glabrata,-42.764478,-18.549736
Biomphalaria.glabrata,-43.250011,-21.365439
Biomphalaria.glabrata,-43.96426,-19.724815
Biomphalaria.glabrata,-50.31525,-23.299275
Biomphalaria.glabrata,-51.236155,-22.774043
Biomphalaria.glabrata,-50.816586,-23.37501
Biomphalaria.glabrata,-50.360996,-23.08742
Biomphalaria.glabrata,-50.184123,-23.114848
Biomphalaria.glabrata,-50.070173,-23.040859
Biomphalaria.glabrata,-51.253255,-23.265901
Biomphalaria.glabrata,-49.079983,-25.322317
Biomphalaria.glabrata,-51.569909,-22.823146
Biomphalaria.glabrata,-51.968802,-22.842468
Biomphalaria.glabrata,-50.555819,-23.544794
Biomphalaria.glabrata,-53.308958,-24.294968
Biomphalaria.glabrata,-51.684173,-24.177698
Biomphalaria.glabrata,-51.068394,-23.283898
Biomphalaria.glabrata,-50.982591,-23.260903
Biomphalaria.glabrata,-50.752419,-23.081506
Biomphalaria.glabrata,-51.159362,-23.334915
Biomphalaria.glabrata,-51.813146,-23.479437
Biomphalaria.glabrata,-50.718314,-23.332164
Biomphalaria.glabrata,-51.380238,-22.750617
Biomphalaria.glabrata,-50.911589,-23.068752
Biomphalaria.glabrata,-49.621108,-23.60428
Biomphalaria.glabrata,-50.646293,-23.495926
Biomphalaria.glabrata,-51.181488,-29.83239
Biomphalaria.straminea,-50.564155,-22.901459
Biomphalaria.straminea,-60.988484,13.896434
Biomphalaria.straminea,-60.964156,14.032767
Biomphalaria.straminea,-43.979313,-19.8574
Biomphalaria.straminea,-51.916379,-23.410345
Biomphalaria.straminea,-45.388985,-23.477585
Biomphalaria.straminea,-43.949089,-14.90571
Biomphalaria.straminea,-49.294124,-16.700659
Biomphalaria.straminea,-38.781389,-4.384797
Biomphalaria.straminea,-67.703375,10.201597
Biomphalaria.straminea,-35.020471,-8.010275
Biomphalaria.straminea,-68.426316,11.01932
Biomphalaria.straminea,-49.373245,-20.809672
Biomphalaria.straminea,-38.642583,-6.822048
Biomphalaria.straminea,-49.454013,-19.95978
Biomphalaria.straminea,-35.528912,-8.225928
Biomphalaria.straminea,-41.437139,-7.074476
Biomphalaria.straminea,-44.293978,-2.58392
Biomphalaria.straminea,-40.0988,-11.188344
Biomphalaria.straminea,-38.504844,-3.797616
Biomphalaria.straminea,-78.217247,-2.692677
Biomphalaria.straminea,-52.310598,4.884261
Biomphalaria.straminea,-48.500312,-16.198851
Biomphalaria.straminea,-42.833973,-5.066241
Biomphalaria.straminea,-36.988078,-9.66759
Biomphalaria.straminea,-40.434897,-4.234465
Biomphalaria.straminea,-38.950892,-3.587119
Biomphalaria.straminea,-35.419982,-5.290511
Biomphalaria.straminea,-35.82994,-6.281883
Biomphalaria.straminea,-35.756194,-7.981411
Biomphalaria.straminea,-37.899393,-7.068809
Biomphalaria.straminea,-37.427776,-11.416035
Biomphalaria.straminea,-40.088555,-11.540282
Biomphalaria.straminea,-39.161759,-12.508679
Biomphalaria.straminea,-40.414236,-13.854803
Biomphalaria.straminea,-39.844427,-15.981179
Biomphalaria.straminea,-45.317718,-18.417544
Biomphalaria.straminea,-44.476627,-21.430151
Biomphalaria.straminea,-39.87935,-19.535933
Biomphalaria.straminea,-42.38527,-20.121349
Biomphalaria.straminea,-41.340402,-22.073181
Biomphalaria.straminea,-43.024029,-22.042452
Biomphalaria.straminea,-46.277814,-1.223107
Biomphalaria.straminea,-46.762859,-1.019691
Biomphalaria.straminea,-47.836853,-18.356376
Biomphalaria.straminea,-58.874371,-27.477803
Biomphalaria.straminea,-67.806871,-9.97708
Biomphalaria.straminea,-72.66535,-7.638583
Biomphalaria.straminea,-60.366144,-3.824095
Biomphalaria.straminea,-63.017137,-7.514098
Biomphalaria.straminea,-60.634008,-3.297036
Biomphalaria.straminea,-60.032047,-3.124001
Biomphalaria.straminea,-60.656302,2.828847
Biomphalaria.straminea,-54.740374,-1.958109
Biomphalaria.straminea,-52.205173,-3.206321
Biomphalaria.straminea,-54.981277,-2.623448
Biomphalaria.straminea,-50.483329,-1.692093
Biomphalaria.straminea,-55.982264,-4.275875
Biomphalaria.straminea,-54.092989,-2.016468
Biomphalaria.straminea,-55.868599,-1.771634
Biomphalaria.straminea,-47.10642,-0.933239
Biomphalaria.straminea,-47.003671,-0.897163
Biomphalaria.straminea,-48.313472,-1.172785
Biomphalaria.straminea,-46.135741,-1.207059
Biomphalaria.straminea,-47.494395,-4.921488
Biomphalaria.straminea,-44.422693,-2.403044
Biomphalaria.straminea,-41.908356,-2.873686
Biomphalaria.straminea,-44.780495,-3.457452
Biomphalaria.straminea,-44.697371,-2.712886
Biomphalaria.straminea,-42.82354,-2.75273
Biomphalaria.straminea,-44.552455,-7.225448
Biomphalaria.straminea,-44.778753,-2.449683
Biomphalaria.straminea,-44.864375,-1.826863
Biomphalaria.straminea,-44.59696,-2.136868
Biomphalaria.straminea,-47.39802,-5.443436
Biomphalaria.straminea,-44.995703,-3.080522
Biomphalaria.straminea,-44.78193,-2.063843
Biomphalaria.straminea,-44.051617,-6.745256
Biomphalaria.straminea,-44.116099,-2.472224
Biomphalaria.straminea,-44.904429,-2.648646
Biomphalaria.straminea,-44.012892,-6.432447
Biomphalaria.straminea,-43.088883,-5.682343
Biomphalaria.straminea,-43.782798,-6.182822
Biomphalaria.straminea,-45.347581,-3.609927
Biomphalaria.straminea,-45.069091,-2.518082
Biomphalaria.straminea,-43.443699,-2.509915
Biomphalaria.straminea,-44.244838,-2.941915
Biomphalaria.straminea,-45.311493,-2.236706
Biomphalaria.straminea,-44.804496,-2.703416
Biomphalaria.straminea,-44.88071,-5.576055
Biomphalaria.straminea,-44.808497,-2.984581
Biomphalaria.straminea,-43.69045,-6.511336
Biomphalaria.straminea,-44.294871,-2.558107
Biomphalaria.straminea,-44.874566,-2.883304
Biomphalaria.straminea,-42.818685,-5.101977
Biomphalaria.straminea,-45.368182,-1.6731
Biomphalaria.straminea,-42.274643,-2.76545
Biomphalaria.straminea,-44.996177,-3.195085
Biomphalaria.straminea,-47.883437,-12.626544
Biomphalaria.straminea,-48.52872,-12.035775
Biomphalaria.straminea,-42.670525,-5.799308
Biomphalaria.straminea,-42.635575,-5.885866
Biomphalaria.straminea,-40.936344,-7.008887
Biomphalaria.straminea,-42.203934,-5.250388
Biomphalaria.straminea,-42.467141,-5.034177
Biomphalaria.straminea,-42.856102,-6.245848
Biomphalaria.straminea,-42.731254,-6.086701
Biomphalaria.straminea,-43.051028,-9.188879
Biomphalaria.straminea,-41.790968,-6.108935
Biomphalaria.straminea,-42.530961,-6.65274
Biomphalaria.straminea,-42.110298,-6.51562
Biomphalaria.straminea,-42.505354,-5.817984
Biomphalaria.straminea,-41.315427,-6.95073
Biomphalaria.straminea,-41.106326,-5.314301
Biomphalaria.straminea,-41.879595,-7.653607
Biomphalaria.straminea,-42.958557,-8.102043
Biomphalaria.straminea,-43.325144,-9.81383
Biomphalaria.straminea,-41.545335,-5.323247
Biomphalaria.straminea,-42.205425,-5.09171
Biomphalaria.straminea,-41.583794,-7.866723
Biomphalaria.straminea,-44.227494,-8.814296
Biomphalaria.straminea,-42.673203,-5.35796
Biomphalaria.straminea,-41.620963,-6.95723
Biomphalaria.straminea,-42.136413,-6.200888
Biomphalaria.straminea,-43.023235,-6.76272
Biomphalaria.straminea,-42.698087,-6.625284
Biomphalaria.straminea,-41.137514,-6.991365
Biomphalaria.straminea,-40.613475,-7.085212
Biomphalaria.straminea,-43.576343,-6.771655
Biomphalaria.straminea,-42.549019,-5.98681
Biomphalaria.straminea,-41.713017,-6.670925
Biomphalaria.straminea,-41.135425,-7.35472
Biomphalaria.straminea,-42.64192,-6.120676
Biomphalaria.straminea,-42.605063,-4.773234
Biomphalaria.straminea,-41.694035,-5.177642
Biomphalaria.straminea,-42.631686,-5.831432
Biomphalaria.straminea,-42.622868,-4.517324
Biomphalaria.straminea,-42.893944,-4.159464
Biomphalaria.straminea,-42.738177,-5.6832
Biomphalaria.straminea,-42.612601,-5.564397
Biomphalaria.straminea,-41.935804,-6.450506
Biomphalaria.straminea,-42.076534,-6.992928
Biomphalaria.straminea,-40.90536,-7.357951
Biomphalaria.straminea,-42.254158,-7.789672
Biomphalaria.straminea,-43.06314,-5.980259
Biomphalaria.straminea,-42.435931,-5.856851
Biomphalaria.straminea,-41.150436,-8.137891
Biomphalaria.straminea,-40.615414,-6.83906
Biomphalaria.straminea,-41.786811,-4.283333
Biomphalaria.straminea,-42.207104,-5.663506
Biomphalaria.straminea,-42.688729,-6.242132
Biomphalaria.straminea,-41.766726,-7.192077
Biomphalaria.straminea,-41.226916,-6.97886
Biomphalaria.straminea,-41.91401,-7.43061
Biomphalaria.straminea,-42.110964,-5.930044
Biomphalaria.straminea,-42.708275,-5.992103
Biomphalaria.straminea,-41.342495,-6.816165
Biomphalaria.straminea,-41.898861,-5.512442
Biomphalaria.straminea,-42.251055,-8.35211
Biomphalaria.straminea,-42.565525,-7.490889
Biomphalaria.straminea,-40.837675,-7.085186
Biomphalaria.straminea,-41.296103,-5.505916
Biomphalaria.straminea,-42.689258,-9.016166
Biomphalaria.straminea,-41.728789,-4.917654
Biomphalaria.straminea,-40.814719,-7.594669
Biomphalaria.straminea,-41.898784,-7.877378
Biomphalaria.straminea,-42.483984,-7.846668
Biomphalaria.straminea,-42.870298,-4.580343
Biomphalaria.straminea,-41.746035,-6.403039
Biomphalaria.straminea,-42.258698,-6.542893
Biomphalaria.straminea,-56.434575,-14.390086
Biomphalaria.straminea,-56.123463,-15.628314
Biomphalaria.straminea,-39.047532,-7.398662
Biomphalaria.straminea,-38.713065,-4.229227
Biomphalaria.straminea,-39.986186,-2.869255
Biomphalaria.straminea,-39.456473,-6.084792
Biomphalaria.straminea,-40.127034,-6.570217
Biomphalaria.straminea,-39.834284,-3.363541
Biomphalaria.straminea,-39.994375,-6.772556
Biomphalaria.straminea,-39.427735,-3.949029
Biomphalaria.straminea,-38.369533,-3.929493
Biomphalaria.straminea,-37.775436,-4.561939
Biomphalaria.straminea,-40.13282,-7.209418
Biomphalaria.straminea,-40.16167,-6.324744
Biomphalaria.straminea,-39.874347,-6.865654
Biomphalaria.straminea,-38.964388,-6.943141
Biomphalaria.straminea,-38.702912,-6.739186
Biomphalaria.straminea,-38.919905,-5.299791
Biomphalaria.straminea,-39.301541,-7.315256
Biomphalaria.straminea,-38.639969,-4.285393
Biomphalaria.straminea,-38.784004,-7.185373
Biomphalaria.straminea,-38.882028,-4.322529
Biomphalaria.straminea,-39.584139,-5.108558
Biomphalaria.straminea,-38.991838,-7.490724
Biomphalaria.straminea,-40.838006,-2.899538
Biomphalaria.straminea,-40.374642,-7.065971
Biomphalaria.straminea,-39.31691,-4.372317
Biomphalaria.straminea,-38.893432,-4.463736
Biomphalaria.straminea,-40.480773,-3.947163
Biomphalaria.straminea,-39.283445,-7.030964
Biomphalaria.straminea,-40.948847,-4.161551
Biomphalaria.straminea,-38.309703,-4.129376
Biomphalaria.straminea,-38.953188,-3.779353
Biomphalaria.straminea,-39.073161,-6.599681
Biomphalaria.straminea,-40.641487,-3.557199
Biomphalaria.straminea,-40.642165,-5.178503
Biomphalaria.straminea,-39.430869,-7.254893
Biomphalaria.straminea,-40.911414,-4.416715
Biomphalaria.straminea,-39.569886,-6.924355
Biomphalaria.straminea,-38.44355,-3.814202
Biomphalaria.straminea,-40.814848,-3.763056
Biomphalaria.straminea,-39.446514,-4.05074
Biomphalaria.straminea,-40.820886,-3.123327
Biomphalaria.straminea,-38.944778,-4.260084
Biomphalaria.straminea,-38.860224,-6.396488
Biomphalaria.straminea,-39.304487,-6.361878
Biomphalaria.straminea,-40.296623,-5.394633
Biomphalaria.straminea,-40.71387,-4.339552
Biomphalaria.straminea,-40.712334,-4.541048
Biomphalaria.straminea,-37.817263,-4.672919
Biomphalaria.straminea,-39.58125,-3.507047
Biomphalaria.straminea,-38.930541,-4.567071
Biomphalaria.straminea,-38.769479,-5.612526
Biomphalaria.straminea,-38.638717,-5.887177
Biomphalaria.straminea,-37.768008,-4.838298
Biomphalaria.straminea,-39.522199,-6.52362
Biomphalaria.straminea,-38.96019,-6.753348
Biomphalaria.straminea,-38.100665,-5.131478
Biomphalaria.straminea,-38.634626,-3.838278
Biomphalaria.straminea,-38.756678,-7.396014
Biomphalaria.straminea,-38.934304,-7.311053
Biomphalaria.straminea,-39.187725,-5.679434
Biomphalaria.straminea,-39.628035,-5.742021
Biomphalaria.straminea,-38.374547,-5.106285
Biomphalaria.straminea,-40.129318,-3.225704
Biomphalaria.straminea,-39.686449,-7.091823
Biomphalaria.straminea,-40.568493,-4.695314
Biomphalaria.straminea,-38.926251,-6.239781
Biomphalaria.straminea,-38.460926,-4.161316
Biomphalaria.straminea,-38.564137,-3.922606
Biomphalaria.straminea,-38.920399,-4.227136
Biomphalaria.straminea,-38.847797,-4.149178
Biomphalaria.straminea,-39.017764,-3.419488
Biomphalaria.straminea,-39.145203,-3.443658
Biomphalaria.straminea,-39.713229,-5.450598
Biomphalaria.straminea,-39.07824,-7.82983
Biomphalaria.straminea,-39.26086,-3.800154
Biomphalaria.straminea,-38.472107,-6.048382
Biomphalaria.straminea,-39.001466,-4.963069
Biomphalaria.straminea,-39.177017,-6.25897
Biomphalaria.straminea,-39.297757,-5.190222
Biomphalaria.straminea,-40.600085,-4.133526
Biomphalaria.straminea,-37.988077,-4.94353
Biomphalaria.straminea,-39.90527,-6.541666
Biomphalaria.straminea,-40.157954,-4.335449
Biomphalaria.straminea,-40.21514,-3.461833
Biomphalaria.straminea,-40.863435,-4.050556
Biomphalaria.straminea,-39.24338,-3.673461
Biomphalaria.straminea,-39.367467,-5.583732
Biomphalaria.straminea,-40.349479,-3.695898
Biomphalaria.straminea,-38.99424,-5.727093
Biomphalaria.straminea,-40.317202,-4.831632
Biomphalaria.straminea,-40.29106,-6.002857
Biomphalaria.straminea,-38.709604,-6.639755
Biomphalaria.straminea,-39.298056,-6.800223
Biomphalaria.straminea,-41.093592,-3.571192
Biomphalaria.straminea,-55.735398,-22.536212
Biomphalaria.straminea,-51.714386,-20.783441
Biomphalaria.straminea,-36.643944,-6.434731
Biomphalaria.straminea,-36.887859,-5.577125
Biomphalaria.straminea,-38.296153,-6.208676
Biomphalaria.straminea,-38.004265,-6.417143
Biomphalaria.straminea,-36.749748,-5.299868
Biomphalaria.straminea,-36.595861,-5.652608
Biomphalaria.straminea,-37.802386,-5.667196
Biomphalaria.straminea,-35.1423,-6.203325
Biomphalaria.straminea,-37.246351,-5.781447
Biomphalaria.straminea,-35.059668,-6.33888
Biomphalaria.straminea,-35.812125,-5.686883
Biomphalaria.straminea,-35.367877,-6.197512
Biomphalaria.straminea,-35.995787,-5.757896
Biomphalaria.straminea,-37.099459,-6.449451
Biomphalaria.straminea,-35.102638,-6.394843
Biomphalaria.straminea,-37.554314,-5.799608
Biomphalaria.straminea,-35.432193,-5.644466
Biomphalaria.straminea,-36.344676,-6.017374
Biomphalaria.straminea,-36.792018,-6.4093
Biomphalaria.straminea,-36.508296,-6.246934
Biomphalaria.straminea,-35.309077,-6.330637
Biomphalaria.straminea,-35.300773,-5.711887
Biomphalaria.straminea,-36.813861,-6.122863
Biomphalaria.straminea,-35.218902,-6.261198
Biomphalaria.straminea,-35.547245,-5.823646
Biomphalaria.straminea,-37.995871,-5.846372
Biomphalaria.straminea,-37.355318,-6.377588
Biomphalaria.straminea,-36.77311,-6.591135
Biomphalaria.straminea,-35.826194,-5.533416
Biomphalaria.straminea,-38.283076,-6.314556
Biomphalaria.straminea,-35.615874,-6.426536
Biomphalaria.straminea,-38.391035,-6.411163
Biomphalaria.straminea,-35.348216,-5.85634
Biomphalaria.straminea,-36.640947,-5.11438
Biomphalaria.straminea,-37.913304,-6.087365
Biomphalaria.straminea,-35.255592,-5.520456
Biomphalaria.straminea,-35.337203,-6.071306
Biomphalaria.straminea,-37.334252,-5.197013
Biomphalaria.straminea,-35.240648,-5.785996
Biomphalaria.straminea,-35.208976,-6.075385
Biomphalaria.straminea,-35.417491,-6.485232
Biomphalaria.straminea,-35.845872,-5.225078
Biomphalaria.straminea,-36.655301,-6.694784
Biomphalaria.straminea,-35.234958,-5.903556
Biomphalaria.straminea,-38.212452,-6.114548
Biomphalaria.straminea,-35.880711,-5.151079
Biomphalaria.straminea,-36.389969,-5.519114
Biomphalaria.straminea,-35.213636,-6.442725
Biomphalaria.straminea,-35.672509,-5.628224
Biomphalaria.straminea,-38.00124,-6.025137
Biomphalaria.straminea,-35.558349,-5.469658
Biomphalaria.straminea,-38.226596,-6.191817
Biomphalaria.straminea,-36.031125,-6.224115
Biomphalaria.straminea,-36.655455,-5.951241
Biomphalaria.straminea,-35.478954,-6.305758
Biomphalaria.straminea,-35.324459,-5.798044
Biomphalaria.straminea,-37.195373,-6.717592
Biomphalaria.straminea,-35.713424,-6.320759
Biomphalaria.straminea,-36.875202,-6.447543
Biomphalaria.straminea,-35.631334,-5.122535
Biomphalaria.straminea,-35.770757,-5.893501
Biomphalaria.straminea,-36.069682,-5.973707
Biomphalaria.straminea,-35.119798,-6.162985
Biomphalaria.straminea,-37.394354,-6.665815
Biomphalaria.straminea,-35.902408,-6.10562
Biomphalaria.straminea,-35.780269,-6.186885
Biomphalaria.straminea,-35.457902,-5.199564
Biomphalaria.straminea,-35.376027,-6.343931
Biomphalaria.straminea,-35.428709,-6.05873
Biomphalaria.straminea,-35.081163,-6.315813
Biomphalaria.straminea,-37.931844,-9.264847
Biomphalaria.straminea,-36.299408,-9.68128
Biomphalaria.straminea,-36.673489,-9.758938
Biomphalaria.straminea,-36.021377,-9.512045
Biomphalaria.straminea,-36.486091,-9.589153
Biomphalaria.straminea,-36.225536,-9.694295
Biomphalaria.straminea,-36.986426,-9.400219
Biomphalaria.straminea,-36.150528,-9.393448
Biomphalaria.straminea,-36.076227,-9.410722
Biomphalaria.straminea,-35.817526,-8.951056
Biomphalaria.straminea,-36.173595,-10.134672
Biomphalaria.straminea,-37.989928,-9.378959
Biomphalaria.straminea,-35.72227,-9.274135
Biomphalaria.straminea,-36.832437,-9.880068
Biomphalaria.straminea,-36.627633,-9.535025
Biomphalaria.straminea,-36.663561,-10.124827
Biomphalaria.straminea,-35.459234,-8.838701
Biomphalaria.straminea,-36.485786,-9.925115
Biomphalaria.straminea,-36.50108,-9.739561
Biomphalaria.straminea,-35.746762,-9.652558
Biomphalaria.straminea,-36.985012,-9.529116
Biomphalaria.straminea,-36.303021,-9.582244
Biomphalaria.straminea,-36.387184,-9.44489
Biomphalaria.straminea,-37.735452,-9.119277
Biomphalaria.straminea,-35.95124,-9.312775
Biomphalaria.straminea,-37.3011,-9.53032
Biomphalaria.straminea,-37.829967,-9.504332
Biomphalaria.straminea,-36.629455,-9.415828
Biomphalaria.straminea,-37.430851,-9.753244
Biomphalaria.straminea,-35.488869,-9.243129
Biomphalaria.straminea,-36.585948,-10.288303
Biomphalaria.straminea,-36.433975,-10.408928
Biomphalaria.straminea,-35.951408,-9.60954
Biomphalaria.straminea,-36.287329,-9.475529
Biomphalaria.straminea,-37.759292,-9.626597
Biomphalaria.straminea,-35.401839,-9.054733
Biomphalaria.straminea,-35.299418,-9.14666
Biomphalaria.straminea,-36.840355,-10.186848
Biomphalaria.straminea,-36.473349,-9.319904
Biomphalaria.straminea,-35.850921,-9.490075
Biomphalaria.straminea,-37.247405,-9.372968
Biomphalaria.straminea,-36.889887,-10.125446
Biomphalaria.straminea,-36.055381,-9.012019
Biomphalaria.straminea,-37.380445,-9.555893
Biomphalaria.straminea,-35.556854,-9.318308
Biomphalaria.straminea,-36.094962,-9.778182
Biomphalaria.straminea,-35.835049,-9.557685
Biomphalaria.straminea,-36.432275,-9.534789
Biomphalaria.straminea,-37.003939,-9.972196
Biomphalaria.straminea,-36.036366,-9.156785
Biomphalaria.straminea,-36.239034,-9.376952
Biomphalaria.straminea,-36.374362,-9.371155
Biomphalaria.straminea,-36.551874,-9.924913
Biomphalaria.straminea,-36.767335,-5.290595
Biomphalaria.straminea,-37.253373,-5.802328
Biomphalaria.straminea,-36.526439,-6.268043
Biomphalaria.straminea,-41.669598,-13.248053
Biomphalaria.straminea,-38.01684,-11.665209
Biomphalaria.straminea,-38.115752,-10.536328
Biomphalaria.straminea,-38.409652,-12.146835
Biomphalaria.straminea,-38.747672,-12.393891
Biomphalaria.straminea,-41.317806,-12.806633
Biomphalaria.straminea,-44.695301,-12.010775
Biomphalaria.straminea,-40.272636,-10.572251
Biomphalaria.straminea,-38.199422,-12.210076
Biomphalaria.straminea,-44.997388,-12.139924
Biomphalaria.straminea,-40.585953,-14.87307
Biomphalaria.straminea,-40.605004,-12.664947
Biomphalaria.straminea,-41.267405,-11.972028
Biomphalaria.straminea,-39.799714,-13.108287
Biomphalaria.straminea,-38.96522,-12.606581
Biomphalaria.straminea,-40.308846,-11.021653
Biomphalaria.straminea,-41.240824,-15.512555
Biomphalaria.straminea,-40.013852,-11.384645
Biomphalaria.straminea,-39.415966,-12.765287
Biomphalaria.straminea,-44.857624,-12.313667
Biomphalaria.straminea,-42.285316,-13.329123
Biomphalaria.straminea,-37.605936,-11.812458
Biomphalaria.straminea,-39.80815,-13.360702
Biomphalaria.straminea,-38.090021,-11.952786
Biomphalaria.straminea,-39.658184,-14.857136
Biomphalaria.straminea,-40.216899,-12.767748
Biomphalaria.straminea,-41.841114,-11.299988
Biomphalaria.straminea,-40.063375,-15.117856
Biomphalaria.straminea,-39.492776,-15.191094
Biomphalaria.straminea,-38.317407,-12.874007
Biomphalaria.straminea,-38.304999,-12.524218
Biomphalaria.straminea,-39.50042,-13.226048
Biomphalaria.straminea,-40.364546,-14.536802
Biomphalaria.straminea,-39.392153,-11.808884
Biomphalaria.straminea,-40.742521,-15.461028
Biomphalaria.straminea,-44.197871,-13.399445
Biomphalaria.straminea,-38.864323,-12.027148
Biomphalaria.straminea,-38.4883,-12.512758
Biomphalaria.straminea,-39.094721,-11.969774
Biomphalaria.straminea,-39.278419,-14.595227
Biomphalaria.straminea,-40.940123,-11.253077
Biomphalaria.straminea,-40.871466,-14.854176
Biomphalaria.straminea,-42.743177,-10.80075
Biomphalaria.straminea,-47.847525,-15.782415
Biomphalaria.straminea,-45.979207,-20.016649
Biomphalaria.straminea,-43.474609,-19.93936
Biomphalaria.straminea,-43.679065,-19.891427
Biomphalaria.straminea,-42.137595,-19.780691
Biomphalaria.straminea,-42.722635,-19.416679
Biomphalaria.straminea,-44.883997,-20.15658
Biomphalaria.straminea,-44.570213,-16.976531
Biomphalaria.straminea,-44.402689,-20.00723
Biomphalaria.straminea,-43.023959,-15.744886
Biomphalaria.straminea,-43.869163,-19.796804
Biomphalaria.straminea,-43.96426,-19.724815
Biomphalaria.straminea,-50.184123,-23.114848
Biomphalaria.straminea,-51.185927,-23.00262
Biomphalaria.straminea,-54.541278,-25.438923
Biomphalaria.straminea,-53.033954,-24.19952
Biomphalaria.straminea,-54.222012,-24.080353
Biomphalaria.straminea,-51.068394,-23.283898
Biomphalaria.straminea,-50.982591,-23.260903
Biomphalaria.straminea,-50.752419,-23.081506
Biomphalaria.straminea,-51.159362,-23.334915
Biomphalaria.straminea,-51.26367,-30.077309
Drepanotrema.cimex,-61.699535,16.204694
Drepanotrema.cimex,-88.556182,17.890146
Drepanotrema.cimex,-89.00328,15.898169
Drepanotrema.cimex,-70.141827,-10.66418
Drepanotrema.cimex,-60.363223,-3.822125
Drepanotrema.cimex,-47.851346,-15.780689
Drepanotrema.cimex,-48.963802,-16.339089
Drepanotrema.cimex,-46.928283,-15.810776
Drepanotrema.cimex,-49.247583,-16.64837
Drepanotrema.cimex,-49.489898,-16.084042
Drepanotrema.cimex,-57.69923,-16.071764
Drepanotrema.cimex,-56.218985,-15.432774
Drepanotrema.cimex,-53.754489,-20.437375
Drepanotrema.cimex,-51.715799,-20.784023
Drepanotrema.cimex,-47.155914,-1.196902
Drepanotrema.cimex,-47.003645,-0.897137
Drepanotrema.cimex,-55.50176,-3.827527
Drepanotrema.cimex,-47.106424,-0.932813
Drepanotrema.cimex,-43.830535,-6.738902
Drepanotrema.cimex,-62.866932,7.081407
Drepanotrema.cimex,-66.560721,7.330589
Drepanotrema.cimex,-77.501794,18.072907
Drepanotrema.cimex,-70.217179,19.004979
Drepanotrema.cimex,-69.782886,-15.404825
Drepanotrema.cimex,-73.681845,-15.311611
Drepanotrema.cimex,-74.095845,-4.530846
Drepanotrema.cimex,-78.064419,24.480004
Drepanotrema.cimex,-78.180448,24.731186
Drepanotrema.cimex,-78.110764,21.685858
Drepanotrema.cimex,-61.251504,10.544744
Drepanotrema.cimex,-60.988696,13.897865
Drepanotrema.cimex,-62.212376,16.733425
Drepanotrema.cimex,-84.752002,10.442352
Drepanotrema.cimex,-81.223204,19.307042
Drepanotrema.cimex,-87.614047,20.015536
Drepanotrema.cimex,-53.532142,-33.038489
Drepanotrema.cimex,-55.991293,-32.692661
Drepanotrema.cimex,-53.192232,-28.998674
Drepanotrema.cimex,-56.325991,-27.411104
Drepanotrema.cimex,-52.102046,-31.591583
Drepanotrema.depressissimum,-61.801692,17.10286
Drepanotrema.depressissimum,-61.761722,17.056862
Drepanotrema.depressissimum,-83.326019,8.783932
Drepanotrema.depressissimum,-83.609641,8.535278
Drepanotrema.depressissimum,-83.068601,8.533728
Drepanotrema.depressissimum,-83.022655,8.386471
Drepanotrema.depressissimum,-82.966071,8.431307
Drepanotrema.depressissimum,-90.130115,14.420389
Drepanotrema.depressissimum,-90.581899,14.474348
Drepanotrema.depressissimum,-90.393841,14.342925
Drepanotrema.depressissimum,-89.306882,15.393695
Drepanotrema.depressissimum,-82.302518,8.603703
Drepanotrema.depressissimum,-82.229429,8.733085
Drepanotrema.depressissimum,-81.939475,8.240769
Drepanotrema.depressissimum,-58.196758,-27.899285
Drepanotrema.depressissimum,-57.998906,-27.948931
Drepanotrema.depressissimum,-58.344757,-28.245981
Drepanotrema.depressissimum,-58.314571,-28.311893
Drepanotrema.depressissimum,-57.502987,-28.584468
Drepanotrema.depressissimum,-57.166308,-28.586303
Drepanotrema.depressissimum,-53.411286,-32.958156
Drepanotrema.depressissimum,-67.429635,-17.839395
Drepanotrema.depressissimum,-59.566898,-27.293601
Drepanotrema.depressissimum,-65.297772,-24.180048
Drepanotrema.depressissimum,-65.430928,-24.80779
Drepanotrema.depressissimum,-58.161796,-26.182802
Drepanotrema.depressissimum,-62.458938,-10.445264
Drepanotrema.depressissimum,-61.763301,-11.721475
Drepanotrema.depressissimum,-40.631031,-19.533403
Drepanotrema.depressissimum,-41.008126,-19.51267
Drepanotrema.depressissimum,-40.60064,-19.93378
Drepanotrema.depressissimum,-40.377723,-20.278746
Drepanotrema.depressissimum,-41.41536,-20.457933
Drepanotrema.depressissimum,-85.194707,11.707904
Drepanotrema.depressissimum,-85.169373,11.975467
Drepanotrema.depressissimum,-70.758398,-8.158162
Drepanotrema.depressissimum,-70.357433,-8.162413
Drepanotrema.depressissimum,-68.652187,-9.068316
Drepanotrema.depressissimum,-67.817434,-9.996782
Drepanotrema.depressissimum,-68.505835,-10.654932
Drepanotrema.depressissimum,-60.366487,-3.823196
Drepanotrema.depressissimum,-55.978016,-4.2726
Drepanotrema.depressissimum,-44.597809,-2.13798
Drepanotrema.depressissimum,-47.655489,-5.42662
Drepanotrema.depressissimum,-54.926032,-15.99086
Drepanotrema.depressissimum,-54.729814,-16.528365
Drepanotrema.depressissimum,-53.213383,-17.31326
Drepanotrema.depressissimum,-55.789593,-20.455788
Drepanotrema.depressissimum,-55.530277,-20.480162
Drepanotrema.depressissimum,-54.44285,-18.499833
Drepanotrema.depressissimum,-44.082922,-19.651841
Drepanotrema.lucidum,-61.699507,16.204664
Drepanotrema.lucidum,-81.374837,19.30751
Drepanotrema.lucidum,-84.744971,10.442573
Drepanotrema.lucidum,-83.853396,9.280057
Drepanotrema.lucidum,-92.299882,18.000111
Drepanotrema.lucidum,-92.663781,16.205674
Drepanotrema.lucidum,-90.283812,18.647399
Drepanotrema.lucidum,-88.346002,18.730802
Drepanotrema.lucidum,-96.335889,18.080281
Drepanotrema.lucidum,-97.613965,19.318434
Drepanotrema.lucidum,-99.910386,17.933978
Drepanotrema.lucidum,-102.63291,21.044142
Drepanotrema.lucidum,-98.720728,22.577174
Drepanotrema.lucidum,-98.741233,24.050075
Drepanotrema.lucidum,-99.39315,24.918542
Drepanotrema.lucidum,-89.289358,15.436766
Drepanotrema.lucidum,-91.222319,14.677877
Drepanotrema.lucidum,-90.113587,14.41686
Drepanotrema.lucidum,-90.496687,15.277537
Drepanotrema.lucidum,-82.242882,8.741573
Drepanotrema.lucidum,-82.670565,9.494115
Drepanotrema.lucidum,-82.522312,9.398419
Drepanotrema.lucidum,-82.778903,9.381647
Drepanotrema.lucidum,-82.357552,9.221801
Drepanotrema.lucidum,-82.474236,9.201107
Drepanotrema.lucidum,-82.19708,8.752595
Drepanotrema.lucidum,-82.329265,8.444474
Drepanotrema.lucidum,-82.436786,8.329993
Drepanotrema.lucidum,-79.873455,9.163295
Drepanotrema.lucidum,-61.235039,10.533603
Drepanotrema.lucidum,-61.695584,12.096411
Drepanotrema.lucidum,-68.923052,12.120043
Drepanotrema.lucidum,-61.216961,13.207901
Drepanotrema.lucidum,-60.988214,13.899501
Drepanotrema.lucidum,-60.9342,14.596355
Drepanotrema.lucidum,-61.484792,16.414643
Drepanotrema.lucidum,-76.908609,18.037136
Drepanotrema.lucidum,-66.029186,18.294858
Drepanotrema.lucidum,-70.229376,19.017467
Drepanotrema.lucidum,-76.706761,20.556798
Drepanotrema.lucidum,-62.204321,16.708475
Drepanotrema.lucidum,-58.356309,-10.256283
Drepanotrema.lucidum,-58.427356,-16.959256
Drepanotrema.lucidum,-57.442823,-16.65442
Drepanotrema.lucidum,-52.339873,-21.813249
Drepanotrema.lucidum,-50.359335,-18.69395
Drepanotrema.lucidum,-48.897862,-14.231261
Drepanotrema.lucidum,-50.104822,-19.831192
Drepanotrema.lucidum,-48.41378,-10.611784
Drepanotrema.lucidum,-48.191176,-12.511923
Drepanotrema.lucidum,-48.304451,-14.005211
Drepanotrema.lucidum,-48.23654,-16.32674
Drepanotrema.lucidum,-64.794423,-12.700625
Drepanotrema.lucidum,-68.86235,-15.973132
Drepanotrema.lucidum,-67.798787,-21.622122
Drepanotrema.lucidum,-67.642144,-24.537017
Drepanotrema.lucidum,-62.648053,-19.748097
Drepanotrema.lucidum,-57.15745,-28.497757
Drepanotrema.lucidum,-71.929881,18.866973
Drepanotrema.lucidum,-73.06299,18.391715
Drepanotrema.lucidum,-61.628508,16.028747
Drepanotrema.lucidum,-64.771384,17.708166
Drepanotrema.lucidum,-73.252846,-3.050963
Drepanotrema.lucidum,-73.858111,-4.580216
Drepanotrema.lucidum,-70.753501,-15.724036
Drepanotrema.lucidum,-62.933863,7.521316
Drepanotrema.lucidum,-66.283465,4.554347
Drepanotrema.lucidum,-66.270985,3.041933
Drepanotrema.lucidum,-66.657761,1.936358
Drepanotrema.lucidum,-52.33519,3.159464
Drepanotrema.lucidum,-52.269289,4.218048
Drepanotrema.lucidum,-53.699355,5.562228
Drepanotrema.lucidum,-71.416063,0.145915
Drepanotrema.lucidum,-73.418668,4.141815
Drepanotrema.lucidum,-75.098554,8.324168
Drepanotrema.lucidum,-76.298066,7.857864
Drepanotrema.lucidum,-76.958479,6.874277
Drepanotrema.lucidum,-86.239972,12.34113
Drepanotrema.lucidum,-83.551573,13.705192
Drepanotrema.lucidum,-89.03968,13.644687
Drepanotrema.lucidum,-89.547263,13.844854
Drepanotrema.lucidum,-89.488369,14.240352
Drepanotrema.lucidum,-57.359733,-25.294491
Drepanotrema.lucidum,-53.73435,-34.007649
Drepanotrema.lucidum,-67.604909,-38.28546
Drepanotrema.lucidum,-67.966526,-38.752088
Drepanotrema.lucidum,-65.150946,-40.409962
Drepanotrema.schubarti,-52.486842,-3.745745
Drepanotrema.schubarti,-44.692979,-5.164956
Drepanotrema.schubarti,-50.367013,-1.94259
Drepanotrema.schubarti,-47.745428,-1.998863
Drepanotrema.schubarti,-46.319428,-1.317176
Drepanotrema.schubarti,-48.002938,-3.106184
Drepanotrema.schubarti,-49.22336,-4.461578
Drepanotrema.schubarti,-40.489322,-4.245352
Drepanotrema.schubarti,-39.134129,-6.294267
Drepanotrema.schubarti,-38.53128,-5.574824
Drepanotrema.schubarti,-38.985059,-3.820832
Drepanotrema.schubarti,-38.794429,-3.656142
Drepanotrema.schubarti,-38.51931,-4.159824
Drepanotrema.schubarti,-38.561578,-3.929999
Drepanotrema.schubarti,-38.309487,-4.130054
Drepanotrema.schubarti,-41.454201,-7.073377
Drepanotrema.schubarti,-36.906846,-5.827674
Drepanotrema.schubarti,-36.799855,-5.142778
Drepanotrema.schubarti,-36.553205,-5.12915
Drepanotrema.schubarti,-37.03535,-6.511036
Drepanotrema.schubarti,-35.416603,-5.956619
Drepanotrema.schubarti,-36.621762,-6.697835
Drepanotrema.schubarti,-36.168819,-7.493298
Drepanotrema.schubarti,-37.951838,-7.065159
Drepanotrema.schubarti,-37.28712,-6.828159
Drepanotrema.schubarti,-37.624401,-7.089683
Drepanotrema.schubarti,-35.182314,-8.037998
Drepanotrema.schubarti,-35.339074,-7.898256
Drepanotrema.schubarti,-34.861369,-7.89653
Drepanotrema.schubarti,-35.076402,-8.283085
Drepanotrema.schubarti,-35.321515,-8.364945
Drepanotrema.schubarti,-35.889916,-9.675586
Drepanotrema.schubarti,-35.787432,-9.428289
Drepanotrema.schubarti,-36.386576,-9.508429
Drepanotrema.schubarti,-36.973608,-9.675599
Drepanotrema.schubarti,-36.711262,-10.264821
Pomacea.canaliculata,-51.199824,-30.09504
Pomacea.canaliculata,-56.391416,-34.399345
Pomacea.canaliculata,-58.390629,-34.609711
Pomacea.canaliculata,-38.510015,-3.774126
Pomacea.canaliculata,-56.090218,-34.892968
Pomacea.canaliculata,-52.256038,-32.009805
Pomacea.canaliculata,-47.89683,-21.210924
Pomacea.canaliculata,-58.999991,-27.300001
Pomacea.canaliculata,-57.726559,-37.935013
Pomacea.canaliculata,-58.705447,-34.395566
Pomacea.canaliculata,-67.505417,-14.080009
Pomacea.canaliculata,-72.705377,11.112004
Pomacea.canaliculata,-60.254978,-27.389241
Pomacea.canaliculata,-63.230551,-32.426239
Pomacea.canaliculata,-73.644624,-4.786363
Pomacea.canaliculata,-60.628803,-30.255363
Pomacea.canaliculata,-51.889046,-21.202875
Pomacea.canaliculata,-56.989604,-19.598922
Pomacea.canaliculata,-57.569539,-18.214465
Pomacea.canaliculata,-57.899247,-34.872702
Pomacea.canaliculata,-60.308318,-33.201813
Pomacea.canaliculata,-56.847551,-25.790541
Pomacea.canaliculata,-74.59953,-8.39753
Pomacea.canaliculata,-43.697873,-22.601769
Pomacea.canaliculata,-39.996602,-19.106527
Pomacea.canaliculata,-58.032147,-34.800994
Pomacea.canaliculata,-38.404981,-6.499081
Pomacea.canaliculata,-57.115751,-21.222297
Pomacea.canaliculata,-62.470448,-36.990634
Pomacea.canaliculata,-56.962891,-36.406144
Pomacea.canaliculata,-59.904013,-14.984981
Pomacea.canaliculata,-43.021272,-6.762549
Pomacea.canaliculata,-59.795782,-30.900768
Pomacea.canaliculata,-55.503995,-27.299886
Pomacea.canaliculata,-64.412587,-31.699023
Pomacea.canaliculata,-56.045469,-27.400001
Pomacea.canaliculata,-55.05114,-34.775782
Pomacea.canaliculata,-35.835939,-5.219791
Pomacea.canaliculata,-55.505665,-1.905351
Pomacea.canaliculata,-36.50537,-7.291806
Pomacea.canaliculata,-65.157878,-40.426822
Pomacea.canaliculata,-54.805388,-34.397041
Pomacea.canaliculata,-39.884383,-4.775974
Pomacea.canaliculata,-52.397433,-26.272891
Pomacea.canaliculata,-47.485828,-18.295705
Pomacea.canaliculata,-38.302304,-7.979239
Pomacea.canaliculata,-43.493891,-22.999742
Pomacea.canaliculata,-54.017446,-29.995604
Pomacea.canaliculata,-60.001386,-3.097647
Pomacea.canaliculata,-64.647318,-3.377724
Pomacea.canaliculata,-71.304435,-4.459203
Pomacea.canaliculata,-37.234787,-7.00221
Pomacea.canaliculata,-76.79569,-10.500139
Pomacea.canaliculata,-55.916558,-34.767185
Pomacea.canaliculata,-49.074221,-1.726271
Pomacea.canaliculata,-38.799447,-5.038872
Pomacea.canaliculata,-35.301491,-5.711879
Pomacea.canaliculata,-42.28325,-22.610631
Pomacea.canaliculata,-57.559483,-30.386396
Pomacea.canaliculata,-53.436315,-12.143413
Pomacea.canaliculata,-56.210203,-34.859466
Pomacea.canaliculata,-55.003492,-34.894567
Pomacea.canaliculata,-38.43251,-4.258371
Pomacea.canaliculata,-37.788624,-4.50498
Pomacea.canaliculata,-37.129711,-4.997737
Pomacea.canaliculata,-36.818825,-5.214558
Stenophysa.marmorata,-61.800894,17.16408
Stenophysa.marmorata,-61.753768,17.043138
Stenophysa.marmorata,-62.219503,16.75304
Stenophysa.marmorata,-62.187088,16.687989
Stenophysa.marmorata,-61.246985,10.543881
Stenophysa.marmorata,-61.248569,10.405468
Stenophysa.marmorata,-61.192655,10.690174
Stenophysa.marmorata,-61.68358,10.165441
Stenophysa.marmorata,-53.09821,3.899651
Stenophysa.marmorata,-67.633259,10.284764
Stenophysa.marmorata,-67.868774,10.122307
Stenophysa.marmorata,-67.378141,8.979027
Stenophysa.marmorata,-64.922166,7.68419
Stenophysa.marmorata,-67.104331,3.960907
Stenophysa.marmorata,-75.010083,1.406581
Stenophysa.marmorata,-74.929532,1.426436
Stenophysa.marmorata,-70.195874,5.595726
Stenophysa.marmorata,-75.17519,6.270437
Stenophysa.marmorata,-59.590101,13.202594
Stenophysa.marmorata,-59.617446,13.320425
Stenophysa.marmorata,-59.612681,13.096408
Stenophysa.marmorata,-58.602005,-34.508546
Stenophysa.marmorata,-62.215638,-34.710223
Stenophysa.marmorata,-58.861538,-27.458961
Stenophysa.marmorata,-76.754264,18.00351
Stenophysa.marmorata,-38.200854,-6.801324
Stenophysa.marmorata,-58.4733,6.824112
Stenophysa.marmorata,-59.872482,6.827574
Stenophysa.marmorata,-42.269135,-9.956673
Stenophysa.marmorata,-43.821306,-14.409267
Stenophysa.marmorata,-41.417814,-21.989083
Stenophysa.marmorata,-42.833002,-4.019715
Stenophysa.marmorata,-38.514103,-5.554768
Stenophysa.marmorata,-61.484838,16.41494
Stenophysa.marmorata,-60.988121,13.893384
Stenophysa.marmorata,-57.436074,-33.100265
Stenophysa.marmorata,-55.825567,-32.647135
Stenophysa.marmorata,-53.5627,-33.439857
Stenophysa.marmorata,-73.087307,-3.537921
Stenophysa.marmorata,-76.371774,-6.94694
Stenophysa.marmorata,-89.146286,15.457215
Uncancylus.concentricus,-57.89999,-34.900017
Uncancylus.concentricus,-57.391074,-37.670455
Uncancylus.concentricus,-57.755348,-36.823582
Uncancylus.concentricus,-56.948417,-36.877343
Uncancylus.concentricus,-57.977561,-35.771415
Uncancylus.concentricus,-58.959811,-35.335
Uncancylus.concentricus,-70.609025,-31.847525
Uncancylus.concentricus,-58.55644,-34.425945
Uncancylus.concentricus,-71.282691,-32.325732
Uncancylus.concentricus,-66.664242,-32.13831
Uncancylus.concentricus,-75.438836,2.661686
Uncancylus.concentricus,-76.53417,1.0231
Uncancylus.concentricus,-78.403541,1.925456
Uncancylus.concentricus,-78.204457,2.270906
Uncancylus.concentricus,-71.160692,-32.643498
Uncancylus.concentricus,-75.423005,2.70467
Uncancylus.concentricus,-75.835773,0.875945
Uncancylus.concentricus,-70.808973,-17.470694
Uncancylus.concentricus,-74.588256,-15.340762
Uncancylus.concentricus,-71.15289,-16.372983
Uncancylus.concentricus,-71.019385,-31.969189
Uncancylus.concentricus,-55.953176,-32.557605
Uncancylus.concentricus,-56.740033,-33.291196
Uncancylus.concentricus,-53.70004,-34.089724
Uncancylus.concentricus,-54.27837,-34.566889
Uncancylus.concentricus,-83.008084,8.661184
Uncancylus.concentricus,-56.350547,-34.745684
Uncancylus.concentricus,-54.276625,-33.927885
Uncancylus.concentricus,-83.08014,8.540712
Uncancylus.concentricus,-83.038739,8.44593
Uncancylus.concentricus,-71.744572,7.918502
Uncancylus.concentricus,-71.571527,7.71767
Uncancylus.concentricus,-71.991158,7.025174
Uncancylus.concentricus,-66.020757,18.315162
Uncancylus.concentricus,-41.441966,-7.074103
Uncancylus.concentricus,-43.254386,-22.769119
